Version, 2.7.0.148,,,,,,,,,,,,,,,,,,,,,,,,,,,,,,,
Strategy Name, GF STI W60P600 3D,,,,,,,,,,,,,,,,,,,,,,,,,,,,,,,
Date, 09/29/2011 04:35:06 PM,,,,,,,,,,,,,,,,,,,,,,,,,,,,,,,
Duration, 1 Hr:1 min:7 secs                  ,,,,,,,,,,,,,,,,,,,,,,,,,,,,,,,
Used Cluster, True,,,,,,,,,,,,,,,,,,,,,,,,,,,,,,,
# of Nodes,12,,,,,,,,,,,,,,,,,,,,,,,,,,,,,,,
Wvls splitting, False,,,,,,,,,,,,,,,,,,,,,,,,,,,,,,,
Used Precis, False,,,,,,,,,,,,,,,,,,,,,,,,,,,,,,,
Used Sliver Engine, True,,,,,,,,,,,,,,,,,,,,,,,,,,,,,,,
Data Header Begin Column,16,,,,,,,,,,,,,,,,,,,,,,,,,,,,,,,
,Si 1 Ht (nm),Si BCD (nm),Si 2 Ht (nm),Si SWA (°),Si TCD (nm),Nitride Ht (nm),Si MCD (nm),Oxide Fill (nm),Oxide Res (nm),gain_rcw,pitch (nm),vpitch (nm),Iterations,FitDataTime (s),MSE,,,,,,,,,,,,,,,,,
Y:\Project\GF CMP Demo 8-2011\Collected Data\Impulse2\Raw spectra\Spectrum Impulse2\STI Metro Pad#09\Slot 12\test1.dat,50,185.754552,204.37504,80.946338,62.887385,30.5326,108.749025,286.90764,0,0.986575,600,600,1,86.394,0.00704,,,,,,,,,,,,,,,,,
Y:\Project\GF CMP Demo 8-2011\Collected Data\Impulse2\Raw spectra\Spectrum Impulse2\STI Metro Pad#09\Slot 12\test2.dat,50,184.300477,205.750183,81.141369,62.430581,28.773334,107.541877,286.523517,0,0.987588,600,600,2,95.566,0.00727,,,,,,,,,,,,,,,,,
Y:\Project\GF CMP Demo 8-2011\Collected Data\Impulse2\Raw spectra\Spectrum Impulse2\STI Metro Pad#09\Slot 12\test3.dat,50,205.622068,182.765685,76.446185,59.767528,0.036242,122.982947,299.285951,64.484025,0.885596,600,600,31,550.496,1.680365,,,,,,,,,,,,,,,,,
Y:\Project\GF CMP Demo 8-2011\Collected Data\Impulse2\Raw spectra\Spectrum Impulse2\STI Metro Pad#09\Slot 12\test4.dat,50,187.495691,205.722318,80.427459,60.372825,39.837478,109.180012,304.990192,7.430396,0.99231,600,600,5,167.14,0.006908,,,,,,,,,,,,,,,,,
Y:\Project\GF CMP Demo 8-2011\Collected Data\Impulse2\Raw spectra\Spectrum Impulse2\STI Metro Pad#09\Slot 12\test5.dat,50,188.383026,206.731498,80.070601,58.268517,42.100211,109.140601,301.16581,0.334101,0.993204,600,600,5,152.756,0.006269,,,,,,,,,,,,,,,,,
Y:\Project\GF CMP Demo 8-2011\Collected Data\Impulse2\Raw spectra\Spectrum Impulse2\STI Metro Pad#09\Slot 12\test6.dat,50,196.471261,208.242246,79.092319,58.476055,41.848939,114.822467,304.781171,2.689987,0.993445,600,600,5,165.564,0.007115,,,,,,,,,,,,,,,,,
Y:\Project\GF CMP Demo 8-2011\Collected Data\Impulse2\Raw spectra\Spectrum Impulse2\STI Metro Pad#09\Slot 12\test13.dat,50,185.738677,204.414944,80.951859,62.899186,30.534967,108.739911,286.949912,0,0.986572,600,600,1,90.153,0.007293,,,,,,,,,,,,,,,,,
Y:\Project\GF CMP Demo 8-2011\Collected Data\Impulse2\Raw spectra\Spectrum Impulse2\STI Metro Pad#09\Slot 12\test14.dat,50,184.320373,205.777473,81.134841,62.393939,28.749495,107.544053,286.526968,0,0.986593,600,600,2,95.941,0.007349,,,,,,,,,,,,,,,,,
Y:\Project\GF CMP Demo 8-2011\Collected Data\Impulse2\Raw spectra\Spectrum Impulse2\STI Metro Pad#09\Slot 12\test15.dat,50,185.191569,206.537294,80.527,58.531657,40.288905,106.982864,304.123883,5.297684,0.994445,600,600,6,141.774,0.006768,,,,,,,,,,,,,,,,,
Y:\Project\GF CMP Demo 8-2011\Collected Data\Impulse2\Raw spectra\Spectrum Impulse2\STI Metro Pad#09\Slot 12\test16.dat,50,187.474818,205.673491,80.443517,60.486981,39.694933,109.201024,305.019157,7.650733,0.991973,600,600,5,128.435,0.00697,,,,,,,,,,,,,,,,,
Y:\Project\GF CMP Demo 8-2011\Collected Data\Impulse2\Raw spectra\Spectrum Impulse2\STI Metro Pad#09\Slot 12\test17.dat,50,188.353876,206.701098,80.077902,58.304303,41.975816,109.131927,301.18718,0.510265,0.993024,600,600,5,120.542,0.006337,,,,,,,,,,,,,,,,,
Y:\Project\GF CMP Demo 8-2011\Collected Data\Impulse2\Raw spectra\Spectrum Impulse2\STI Metro Pad#09\Slot 12\test18.dat,50,196.467777,208.223817,79.102797,58.558661,41.782289,114.845416,304.80068,2.794574,0.993748,600,600,5,127.936,0.007059,,,,,,,,,,,,,,,,,
Y:\Project\GF CMP Demo 8-2011\Collected Data\Impulse2\Raw spectra\Spectrum Impulse2\STI Metro Pad#09\Slot 12\test25.dat,50,185.748773,204.409278,80.945558,62.864988,30.513041,108.737103,286.922319,0,0.986343,600,600,1,76.144,0.007225,,,,,,,,,,,,,,,,,
Y:\Project\GF CMP Demo 8-2011\Collected Data\Impulse2\Raw spectra\Spectrum Impulse2\STI Metro Pad#09\Slot 12\test26.dat,50,184.281378,205.774114,81.146451,62.441411,28.752931,107.530824,286.527045,0,0.986019,600,600,2,90.2,0.007313,,,,,,,,,,,,,,,,,
Y:\Project\GF CMP Demo 8-2011\Collected Data\Impulse2\Raw spectra\Spectrum Impulse2\STI Metro Pad#09\Slot 12\test27.dat,50,185.330938,206.596557,80.484487,58.336086,40.494351,107.020533,304.098174,5.007265,0.99245,600,600,6,170.837,0.006738,,,,,,,,,,,,,,,,,
Y:\Project\GF CMP Demo 8-2011\Collected Data\Impulse2\Raw spectra\Spectrum Impulse2\STI Metro Pad#09\Slot 12\test28.dat,50,187.512762,205.686621,80.42653,60.395073,39.773021,109.199962,304.836239,7.376596,0.99153,600,600,5,154.004,0.006946,,,,,,,,,,,,,,,,,
Y:\Project\GF CMP Demo 8-2011\Collected Data\Impulse2\Raw spectra\Spectrum Impulse2\STI Metro Pad#09\Slot 12\test29.dat,50,188.427474,206.737433,80.057974,58.21697,42.126306,109.156294,301.166476,0.302736,0.992233,600,600,5,141.961,0.006252,,,,,,,,,,,,,,,,,
Y:\Project\GF CMP Demo 8-2011\Collected Data\Impulse2\Raw spectra\Spectrum Impulse2\STI Metro Pad#09\Slot 12\test30.dat,50,196.416932,208.185756,79.104066,58.53203,41.740249,114.8034,304.770207,2.844203,0.993932,600,600,5,142.554,0.00696,,,,,,,,,,,,,,,,,
Y:\Project\GF CMP Demo 8-2011\Collected Data\Impulse2\Raw spectra\Spectrum Impulse2\STI Metro Pad#09\Slot 12\test37.dat,50,185.719725,204.373097,80.952902,62.901193,30.549076,108.728656,286.922172,0,0.987045,600,600,1,143.661,0.006968,,,,,,,,,,,,,,,,,
Y:\Project\GF CMP Demo 8-2011\Collected Data\Impulse2\Raw spectra\Spectrum Impulse2\STI Metro Pad#09\Slot 12\test38.dat,50,184.281026,205.761271,81.144881,62.433504,28.788316,107.528677,286.549587,0,0.987012,600,600,2,114.364,0.007283,,,,,,,,,,,,,,,,,
Y:\Project\GF CMP Demo 8-2011\Collected Data\Impulse2\Raw spectra\Spectrum Impulse2\STI Metro Pad#09\Slot 12\test39.dat,50,185.320616,206.688623,80.482267,58.278433,40.737724,106.992722,304.085591,4.659244,0.993217,600,600,6,202.458,0.006667,,,,,,,,,,,,,,,,,
Y:\Project\GF CMP Demo 8-2011\Collected Data\Impulse2\Raw spectra\Spectrum Impulse2\STI Metro Pad#09\Slot 12\test40.dat,50,187.586845,205.786726,80.399155,60.233137,40.034547,109.200267,304.98611,7.164837,0.990715,600,600,5,147.203,0.006808,,,,,,,,,,,,,,,,,
Y:\Project\GF CMP Demo 8-2011\Collected Data\Impulse2\Raw spectra\Spectrum Impulse2\STI Metro Pad#09\Slot 12\test41.dat,50,188.466906,206.760304,80.042344,58.132107,42.271944,109.1579,301.15304,0.120793,0.991458,600,600,5,189.807,0.006096,,,,,,,,,,,,,,,,,
Y:\Project\GF CMP Demo 8-2011\Collected Data\Impulse2\Raw spectra\Spectrum Impulse2\STI Metro Pad#09\Slot 12\test42.dat,50,196.496544,208.246039,79.076375,58.379667,41.981176,114.811336,304.714569,2.487354,0.992505,600,600,5,172.209,0.0069,,,,,,,,,,,,,,,,,
Y:\Project\GF CMP Demo 8-2011\Collected Data\Impulse2\Raw spectra\Spectrum Impulse2\STI Metro Pad#09\Slot 12\test49.dat,50,185.704532,204.409015,80.960405,62.929453,30.539469,108.725037,286.948484,0,0.986175,600,600,1,79.842,0.007173,,,,,,,,,,,,,,,,,
Y:\Project\GF CMP Demo 8-2011\Collected Data\Impulse2\Raw spectra\Spectrum Impulse2\STI Metro Pad#09\Slot 12\test50.dat,50,184.310656,205.752894,81.138712,62.420362,28.788655,107.545911,286.541549,0,0.986911,600,600,2,137.592,0.007166,,,,,,,,,,,,,,,,,
Y:\Project\GF CMP Demo 8-2011\Collected Data\Impulse2\Raw spectra\Spectrum Impulse2\STI Metro Pad#09\Slot 12\test51.dat,50,185.328985,206.648591,80.479306,58.278263,40.619275,107.000044,304.09518,4.827313,0.992552,600,600,6,140.619,0.006704,,,,,,,,,,,,,,,,,
Y:\Project\GF CMP Demo 8-2011\Collected Data\Impulse2\Raw spectra\Spectrum Impulse2\STI Metro Pad#09\Slot 12\test52.dat,50,187.464993,205.675985,80.446242,60.49643,39.693599,109.196821,305.017212,7.647628,0.991845,600,600,5,153.738,0.006995,,,,,,,,,,,,,,,,,
Y:\Project\GF CMP Demo 8-2011\Collected Data\Impulse2\Raw spectra\Spectrum Impulse2\STI Metro Pad#09\Slot 12\test53.dat,50,188.396337,206.707012,80.071025,58.293555,42.054889,109.158349,301.166882,0.404981,0.991964,600,600,5,183.832,0.006238,,,,,,,,,,,,,,,,,
Y:\Project\GF CMP Demo 8-2011\Collected Data\Impulse2\Raw spectra\Spectrum Impulse2\STI Metro Pad#09\Slot 12\test54.dat,50,196.508034,208.218369,79.083939,58.458861,41.863037,114.844176,304.783531,2.702125,0.992802,600,600,5,147.343,0.007067,,,,,,,,,,,,,,,,,
Y:\Project\GF CMP Demo 8-2011\Collected Data\Impulse2\Raw spectra\Spectrum Impulse2\STI Metro Pad#09\Slot 12\test61.dat,50,185.722049,204.386942,80.948096,62.863949,30.537661,108.718779,286.924603,0,0.986321,600,600,1,131.259,0.00706,,,,,,,,,,,,,,,,,
Y:\Project\GF CMP Demo 8-2011\Collected Data\Impulse2\Raw spectra\Spectrum Impulse2\STI Metro Pad#09\Slot 12\test62.dat,50,184.328083,205.754944,81.131166,62.381635,28.779704,107.54661,286.534648,0,0.987351,600,600,2,74.537,0.007218,,,,,,,,,,,,,,,,,
Y:\Project\GF CMP Demo 8-2011\Collected Data\Impulse2\Raw spectra\Spectrum Impulse2\STI Metro Pad#09\Slot 12\test63.dat,50,185.22556,206.551169,80.516409,58.482527,40.313037,106.991649,304.114962,5.250756,0.993911,600,600,6,184.799,0.006712,,,,,,,,,,,,,,,,,
Y:\Project\GF CMP Demo 8-2011\Collected Data\Impulse2\Raw spectra\Spectrum Impulse2\STI Metro Pad#09\Slot 12\test64.dat,50,187.475916,205.734028,80.442083,60.4571,39.815821,109.190659,305.006826,7.456977,0.991949,600,600,5,165.673,0.006919,,,,,,,,,,,,,,,,,
Y:\Project\GF CMP Demo 8-2011\Collected Data\Impulse2\Raw spectra\Spectrum Impulse2\STI Metro Pad#09\Slot 12\test65.dat,50,188.36293,206.726806,80.080612,58.324523,42.02774,109.143301,301.186316,0.43177,0.992678,600,600,5,124.239,0.006373,,,,,,,,,,,,,,,,,
Y:\Project\GF CMP Demo 8-2011\Collected Data\Impulse2\Raw spectra\Spectrum Impulse2\STI Metro Pad#09\Slot 12\test66.dat,50,196.446492,208.230863,79.105397,58.554259,41.786735,114.828862,304.799893,2.782295,0.993185,600,600,5,171.835,0.007172,,,,,,,,,,,,,,,,,
Y:\Project\GF CMP Demo 8-2011\Collected Data\Impulse2\Raw spectra\Spectrum Impulse2\STI Metro Pad#09\Slot 12\test73.dat,50,185.746479,204.387582,80.940455,62.832273,30.537382,108.726585,286.924964,0,0.986779,600,600,1,163.302,0.006989,,,,,,,,,,,,,,,,,
Y:\Project\GF CMP Demo 8-2011\Collected Data\Impulse2\Raw spectra\Spectrum Impulse2\STI Metro Pad#09\Slot 12\test74.dat,50,184.353118,205.754863,81.127726,62.381389,28.773603,107.564149,286.528466,0,0.986905,600,600,2,81.729,0.007183,,,,,,,,,,,,,,,,,
Y:\Project\GF CMP Demo 8-2011\Collected Data\Impulse2\Raw spectra\Spectrum Impulse2\STI Metro Pad#09\Slot 12\test75.dat,50,185.273698,206.623402,80.500782,58.390672,40.531059,106.995517,304.102108,4.947647,0.993874,600,600,6,166.921,0.00675,,,,,,,,,,,,,,,,,
Y:\Project\GF CMP Demo 8-2011\Collected Data\Impulse2\Raw spectra\Spectrum Impulse2\STI Metro Pad#09\Slot 12\test76.dat,50,187.493679,205.700398,80.442066,60.486063,39.745232,109.213007,304.999448,7.553818,0.992106,600,600,5,128.545,0.006943,,,,,,,,,,,,,,,,,
Y:\Project\GF CMP Demo 8-2011\Collected Data\Impulse2\Raw spectra\Spectrum Impulse2\STI Metro Pad#09\Slot 12\test77.dat,50,188.336543,206.680759,80.0888,58.375116,41.92921,109.141574,301.185152,0.575182,0.993644,600,600,5,158.31,0.006405,,,,,,,,,,,,,,,,,
Y:\Project\GF CMP Demo 8-2011\Collected Data\Impulse2\Raw spectra\Spectrum Impulse2\STI Metro Pad#09\Slot 12\test78.dat,50,196.422987,208.1923,79.114299,58.612687,41.677041,114.831403,304.809897,2.940557,0.993708,600,600,5,172.209,0.007182,,,,,,,,,,,,,,,,,
Y:\Project\GF CMP Demo 8-2011\Collected Data\Impulse2\Raw spectra\Spectrum Impulse2\STI Metro Pad#09\Slot 12\test85.dat,50,185.754927,204.39771,80.941943,62.84838,30.533065,108.736936,286.930775,0,0.985581,600,600,1,186.39,0.007233,,,,,,,,,,,,,,,,,
Y:\Project\GF CMP Demo 8-2011\Collected Data\Impulse2\Raw spectra\Spectrum Impulse2\STI Metro Pad#09\Slot 12\test86.dat,50,184.305994,205.786297,81.142534,62.433408,28.759853,107.54534,286.546151,0,0.985616,600,600,2,79.061,0.007314,,,,,,,,,,,,,,,,,
Y:\Project\GF CMP Demo 8-2011\Collected Data\Impulse2\Raw spectra\Spectrum Impulse2\STI Metro Pad#09\Slot 12\test87.dat,50,185.273935,206.623677,80.491618,58.32287,40.575794,106.97553,303.969929,4.770459,0.993051,600,600,6,175.766,0.006735,,,,,,,,,,,,,,,,,
Y:\Project\GF CMP Demo 8-2011\Collected Data\Impulse2\Raw spectra\Spectrum Impulse2\STI Metro Pad#09\Slot 12\test88.dat,50,187.487601,205.72189,80.426264,60.35605,39.815216,109.169362,304.843282,7.306176,0.990957,600,600,5,160.775,0.007007,,,,,,,,,,,,,,,,,
Y:\Project\GF CMP Demo 8-2011\Collected Data\Impulse2\Raw spectra\Spectrum Impulse2\STI Metro Pad#09\Slot 12\test89.dat,50,188.428697,206.734292,80.049832,58.158734,42.186799,109.13997,301.070778,0.149687,0.992146,600,600,5,174.44,0.006287,,,,,,,,,,,,,,,,,
Y:\Project\GF CMP Demo 8-2011\Collected Data\Impulse2\Raw spectra\Spectrum Impulse2\STI Metro Pad#09\Slot 12\test90.dat,50,196.518226,208.209901,79.085271,58.482359,41.85099,114.858692,304.793463,2.732572,0.99199,600,600,5,152.772,0.007196,,,,,,,,,,,,,,,,,
Y:\Project\GF CMP Demo 8-2011\Collected Data\Impulse2\Raw spectra\Spectrum Impulse2\STI Metro Pad#09\Slot 12\test97.dat,50,185.720074,204.418392,80.954881,62.901598,30.514188,108.727402,286.93258,0,0.985648,600,600,1,158.341,0.007319,,,,,,,,,,,,,,,,,
Y:\Project\GF CMP Demo 8-2011\Collected Data\Impulse2\Raw spectra\Spectrum Impulse2\STI Metro Pad#09\Slot 12\test98.dat,50,184.330688,205.761045,81.133131,62.396798,28.762621,107.552728,286.523666,0,0.986341,600,600,2,114.739,0.007141,,,,,,,,,,,,,,,,,
Y:\Project\GF CMP Demo 8-2011\Collected Data\Impulse2\Raw spectra\Spectrum Impulse2\STI Metro Pad#09\Slot 12\test99.dat,50,185.313257,206.645019,80.478993,58.261412,40.696992,106.984116,303.945133,4.603122,0.993105,600,600,6,216.56,0.006652,,,,,,,,,,,,,,,,,
Y:\Project\GF CMP Demo 8-2011\Collected Data\Impulse2\Raw spectra\Spectrum Impulse2\STI Metro Pad#09\Slot 12\test100.dat,50,187.560682,205.775587,80.398337,60.204698,40.007906,109.173849,304.975527,7.192034,0.99075,600,600,5,139.824,0.007064,,,,,,,,,,,,,,,,,
Y:\Project\GF CMP Demo 8-2011\Collected Data\Impulse2\Raw spectra\Spectrum Impulse2\STI Metro Pad#09\Slot 12\test101.dat,50,188.449692,206.762409,80.046632,58.146055,42.255062,109.149864,301.16206,0.144588,0.992113,600,600,5,155.517,0.006364,,,,,,,,,,,,,,,,,
Y:\Project\GF CMP Demo 8-2011\Collected Data\Impulse2\Raw spectra\Spectrum Impulse2\STI Metro Pad#09\Slot 12\test102.dat,50,196.499333,208.222576,79.085315,58.458913,41.849999,114.837904,304.783726,2.711151,0.99175,600,600,5,142.741,0.007116,,,,,,,,,,,,,,,,,
Y:\Project\GF CMP Demo 8-2011\Collected Data\Impulse2\Raw spectra\Spectrum Impulse2\STI Metro Pad#09\Slot 12\test109.dat,50,185.690074,204.39959,80.959247,62.909522,30.542161,108.709296,286.941752,0,0.987308,600,600,1,153.568,0.007165,,,,,,,,,,,,,,,,,
Y:\Project\GF CMP Demo 8-2011\Collected Data\Impulse2\Raw spectra\Spectrum Impulse2\STI Metro Pad#09\Slot 12\test110.dat,50,184.306051,205.752498,81.134136,62.382219,28.781937,107.531372,286.534435,0,0.98731,600,600,2,82.961,0.007195,,,,,,,,,,,,,,,,,
Y:\Project\GF CMP Demo 8-2011\Collected Data\Impulse2\Raw spectra\Spectrum Impulse2\STI Metro Pad#09\Slot 12\test111.dat,50,185.198209,206.510264,80.52506,58.532942,40.213297,106.988916,303.991726,5.268165,0.993882,600,600,6,140.292,0.006719,,,,,,,,,,,,,,,,,
Y:\Project\GF CMP Demo 8-2011\Collected Data\Impulse2\Raw spectra\Spectrum Impulse2\STI Metro Pad#09\Slot 12\test112.dat,50,187.394755,205.660842,80.46561,60.574262,39.620799,109.171064,305.047527,7.765885,0.992822,600,600,5,152.35,0.007012,,,,,,,,,,,,,,,,,
Y:\Project\GF CMP Demo 8-2011\Collected Data\Impulse2\Raw spectra\Spectrum Impulse2\STI Metro Pad#09\Slot 12\test113.dat,50,188.333553,206.723446,80.091376,58.376361,42.04198,109.138187,301.198796,0.43337,0.993591,600,600,5,171.445,0.006314,,,,,,,,,,,,,,,,,
Y:\Project\GF CMP Demo 8-2011\Collected Data\Impulse2\Raw spectra\Spectrum Impulse2\STI Metro Pad#09\Slot 12\test114.dat,50,196.390078,208.200041,79.12727,58.674548,41.672548,114.826401,304.8205,2.947911,0.9936,600,600,5,168.793,0.007148,,,,,,,,,,,,,,,,,
Y:\Project\GF CMP Demo 8-2011\Collected Data\Impulse2\Raw spectra\Spectrum Impulse2\STI Metro Pad#09\Slot 12\test121.dat,50,185.718004,204.415941,80.951942,62.878805,30.536258,108.719288,286.952199,0,0.986537,600,600,1,266.949,0.007315,,,,,,,,,,,,,,,,,
Y:\Project\GF CMP Demo 8-2011\Collected Data\Impulse2\Raw spectra\Spectrum Impulse2\STI Metro Pad#09\Slot 12\test122.dat,50,184.298166,205.764721,81.13829,62.401084,28.787982,107.530997,286.552703,0,0.986638,600,600,2,86.253,0.00727,,,,,,,,,,,,,,,,,
Y:\Project\GF CMP Demo 8-2011\Collected Data\Impulse2\Raw spectra\Spectrum Impulse2\STI Metro Pad#09\Slot 12\test123.dat,50,185.264201,206.588024,80.501566,58.398826,40.448415,106.992578,304.106203,5.069763,0.99316,600,600,6,181.133,0.006736,,,,,,,,,,,,,,,,,
Y:\Project\GF CMP Demo 8-2011\Collected Data\Impulse2\Raw spectra\Spectrum Impulse2\STI Metro Pad#09\Slot 12\test124.dat,50,187.45333,205.740073,80.444271,60.448642,39.850629,109.172036,305.005145,7.414443,0.992252,600,600,5,146.641,0.006929,,,,,,,,,,,,,,,,,
Y:\Project\GF CMP Demo 8-2011\Collected Data\Impulse2\Raw spectra\Spectrum Impulse2\STI Metro Pad#09\Slot 12\test125.dat,50,188.378264,206.709709,80.078914,58.333207,42.04173,109.157322,301.173952,0.422513,0.992584,600,600,5,133.927,0.006277,,,,,,,,,,,,,,,,,
Y:\Project\GF CMP Demo 8-2011\Collected Data\Impulse2\Raw spectra\Spectrum Impulse2\STI Metro Pad#09\Slot 12\test126.dat,50,196.384272,208.188432,79.120197,58.619903,41.661222,114.806536,304.800791,2.951137,0.992958,600,600,5,144.893,0.007016,,,,,,,,,,,,,,,,,
Y:\Project\GF CMP Demo 8-2011\Collected Data\Impulse2\Raw spectra\Spectrum Impulse2\STI Metro Pad#09\Slot 12\test133.dat,50,185.77476,204.3753,80.935314,62.826866,30.542242,108.745339,286.917542,0,0.986142,600,600,1,77.563,0.007119,,,,,,,,,,,,,,,,,
Y:\Project\GF CMP Demo 8-2011\Collected Data\Impulse2\Raw spectra\Spectrum Impulse2\STI Metro Pad#09\Slot 12\test134.dat,50,184.325112,205.751733,81.132155,62.386944,28.789291,107.546207,286.541024,0,0.986652,600,600,2,135.955,0.007223,,,,,,,,,,,,,,,,,
Y:\Project\GF CMP Demo 8-2011\Collected Data\Impulse2\Raw spectra\Spectrum Impulse2\STI Metro Pad#09\Slot 12\test135.dat,50,185.24573,206.605955,80.506603,58.411696,40.466665,106.982752,304.119447,5.046826,0.993429,600,600,6,182.475,0.006785,,,,,,,,,,,,,,,,,
Y:\Project\GF CMP Demo 8-2011\Collected Data\Impulse2\Raw spectra\Spectrum Impulse2\STI Metro Pad#09\Slot 12\test136.dat,50,187.520399,205.705688,80.426579,60.396643,39.798433,109.205082,305.002767,7.498646,0.991135,600,600,5,143.241,0.006927,,,,,,,,,,,,,,,,,
Y:\Project\GF CMP Demo 8-2011\Collected Data\Impulse2\Raw spectra\Spectrum Impulse2\STI Metro Pad#09\Slot 12\test137.dat,50,188.373547,206.720678,80.069074,58.251472,42.072205,109.129295,301.191886,0.399003,0.992902,600,600,5,167.779,0.006407,,,,,,,,,,,,,,,,,
Y:\Project\GF CMP Demo 8-2011\Collected Data\Impulse2\Raw spectra\Spectrum Impulse2\STI Metro Pad#09\Slot 12\test138.dat,50,196.406205,208.22495,79.106477,58.524389,41.801601,114.79193,304.803907,2.777357,0.992474,600,600,5,147.967,0.007179,,,,,,,,,,,,,,,,,
Y:\Project\GF CMP Demo 8-2011\Collected Data\Impulse2\Raw spectra\Spectrum Impulse2\STI Metro Pad#09\Slot 12\test145.dat,50,185.749898,204.387552,80.943455,62.857649,30.539559,108.736502,286.927111,0,0.986057,600,600,1,222.863,0.007127,,,,,,,,,,,,,,,,,
Y:\Project\GF CMP Demo 8-2011\Collected Data\Impulse2\Raw spectra\Spectrum Impulse2\STI Metro Pad#09\Slot 12\test146.dat,50,184.347152,205.76621,81.128315,62.376212,28.77676,107.558023,286.542969,0,0.98641,600,600,2,134.473,0.007266,,,,,,,,,,,,,,,,,
Y:\Project\GF CMP Demo 8-2011\Collected Data\Impulse2\Raw spectra\Spectrum Impulse2\STI Metro Pad#09\Slot 12\test147.dat,50,185.240952,206.584553,80.507881,58.423554,40.43465,106.983711,304.089282,5.070078,0.993734,600,600,6,186.858,0.006621,,,,,,,,,,,,,,,,,
Y:\Project\GF CMP Demo 8-2011\Collected Data\Impulse2\Raw spectra\Spectrum Impulse2\STI Metro Pad#09\Slot 12\test148.dat,50,187.503632,205.726212,80.426995,60.376021,39.809462,109.186399,305.009443,7.473769,0.991712,600,600,5,146.314,0.007076,,,,,,,,,,,,,,,,,
Y:\Project\GF CMP Demo 8-2011\Collected Data\Impulse2\Raw spectra\Spectrum Impulse2\STI Metro Pad#09\Slot 12\test149.dat,50,188.392152,206.714577,80.063294,58.22923,42.090687,109.136,301.180604,0.37534,0.992887,600,600,6,166.328,0.006414,,,,,,,,,,,,,,,,,
Y:\Project\GF CMP Demo 8-2011\Collected Data\Impulse2\Raw spectra\Spectrum Impulse2\STI Metro Pad#09\Slot 12\test150.dat,50,196.466454,208.215677,79.096596,58.513731,41.743122,114.831446,304.808385,2.849586,0.992405,600,600,5,153.879,0.007193,,,,,,,,,,,,,,,,,
Y:\Project\GF CMP Demo 8-2011\Collected Data\Impulse2\Raw spectra\Spectrum Impulse2\STI Metro Pad#09\Slot 12\test157.dat,50,185.717174,204.407637,80.956108,62.911097,30.538301,108.728556,286.945938,0,0.986002,600,600,1,77.875,0.007183,,,,,,,,,,,,,,,,,
Y:\Project\GF CMP Demo 8-2011\Collected Data\Impulse2\Raw spectra\Spectrum Impulse2\STI Metro Pad#09\Slot 12\test158.dat,50,184.299399,205.784384,81.144201,62.439673,28.768881,107.542627,286.553266,0,0.986477,600,600,2,117.235,0.007417,,,,,,,,,,,,,,,,,
Y:\Project\GF CMP Demo 8-2011\Collected Data\Impulse2\Raw spectra\Spectrum Impulse2\STI Metro Pad#09\Slot 12\test159.dat,50,185.264032,206.612926,80.505226,58.417455,40.510867,106.997068,304.113508,4.989715,0.993188,600,600,6,162.007,0.006688,,,,,,,,,,,,,,,,,
Y:\Project\GF CMP Demo 8-2011\Collected Data\Impulse2\Raw spectra\Spectrum Impulse2\STI Metro Pad#09\Slot 12\test160.dat,50,187.495078,205.733676,80.430516,60.390959,39.846087,109.184532,304.993803,7.414039,0.991269,600,600,5,166.188,0.006894,,,,,,,,,,,,,,,,,
Y:\Project\GF CMP Demo 8-2011\Collected Data\Impulse2\Raw spectra\Spectrum Impulse2\STI Metro Pad#09\Slot 12\test161.dat,50,188.410123,206.746129,80.055929,58.181363,42.211208,109.133179,301.070984,0.113648,0.992835,600,600,5,178.886,0.006346,,,,,,,,,,,,,,,,,
Y:\Project\GF CMP Demo 8-2011\Collected Data\Impulse2\Raw spectra\Spectrum Impulse2\STI Metro Pad#09\Slot 12\test162.dat,50,196.449021,208.164804,79.101614,58.553708,41.664923,114.833277,304.80393,2.974203,0.992551,600,600,5,152.943,0.007026,,,,,,,,,,,,,,,,,
Y:\Project\GF CMP Demo 8-2011\Collected Data\Impulse2\Raw spectra\Spectrum Impulse2\STI Metro Pad#09\Slot 12\test169.dat,50,185.756648,204.422218,80.951109,62.909351,30.509822,108.755312,286.93204,0,0.984942,600,600,1,76.409,0.007328,,,,,,,,,,,,,,,,,
Y:\Project\GF CMP Demo 8-2011\Collected Data\Impulse2\Raw spectra\Spectrum Impulse2\STI Metro Pad#09\Slot 12\test170.dat,50,184.311849,205.793598,81.146351,62.465072,28.75492,107.558598,286.548518,0,0.985505,600,600,2,81.074,0.00742,,,,,,,,,,,,,,,,,
Y:\Project\GF CMP Demo 8-2011\Collected Data\Impulse2\Raw spectra\Spectrum Impulse2\STI Metro Pad#09\Slot 12\test171.dat,50,185.319349,206.617412,80.48455,58.317972,40.562549,107.00623,304.108582,4.928621,0.992643,600,600,6,169.479,0.006672,,,,,,,,,,,,,,,,,
Y:\Project\GF CMP Demo 8-2011\Collected Data\Impulse2\Raw spectra\Spectrum Impulse2\STI Metro Pad#09\Slot 12\test172.dat,50,187.601183,205.76298,80.403894,60.290518,39.969513,109.228269,305.01093,7.278437,0.991082,600,600,5,154.769,0.006925,,,,,,,,,,,,,,,,,
Y:\Project\GF CMP Demo 8-2011\Collected Data\Impulse2\Raw spectra\Spectrum Impulse2\STI Metro Pad#09\Slot 12\test173.dat,50,188.46888,206.765101,80.04254,58.133859,42.281593,109.159621,301.164238,0.117545,0.992285,600,600,5,144.364,0.006315,,,,,,,,,,,,,,,,,
Y:\Project\GF CMP Demo 8-2011\Collected Data\Impulse2\Raw spectra\Spectrum Impulse2\STI Metro Pad#09\Slot 12\test174.dat,50,196.500905,208.227561,79.083444,58.444458,41.844499,114.834488,304.79472,2.72266,0.991885,600,600,5,156.968,0.007058,,,,,,,,,,,,,,,,,
Y:\Project\GF CMP Demo 8-2011\Collected Data\Impulse2\Raw spectra\Spectrum Impulse2\STI Metro Pad#09\Slot 12\test181.dat,50,185.776221,204.40354,80.939457,62.849628,30.535097,108.752091,286.938637,0,0.984908,600,600,1,72.993,0.007123,,,,,,,,,,,,,,,,,
Y:\Project\GF CMP Demo 8-2011\Collected Data\Impulse2\Raw spectra\Spectrum Impulse2\STI Metro Pad#09\Slot 12\test182.dat,50,184.358208,205.763879,81.127964,62.385415,28.778722,107.56861,286.5426,0,0.985561,600,600,2,72.462,0.007249,,,,,,,,,,,,,,,,,
Y:\Project\GF CMP Demo 8-2011\Collected Data\Impulse2\Raw spectra\Spectrum Impulse2\STI Metro Pad#09\Slot 12\test183.dat,50,185.323947,206.635005,80.485697,58.325179,40.585163,107.010948,304.127088,4.90692,0.992123,600,600,6,159.417,0.006832,,,,,,,,,,,,,,,,,
Y:\Project\GF CMP Demo 8-2011\Collected Data\Impulse2\Raw spectra\Spectrum Impulse2\STI Metro Pad#09\Slot 12\test184.dat,50,187.481535,205.683082,80.440934,60.471397,39.7202,109.200766,305.050803,7.647521,0.99077,600,600,5,142.023,0.007003,,,,,,,,,,,,,,,,,
Y:\Project\GF CMP Demo 8-2011\Collected Data\Impulse2\Raw spectra\Spectrum Impulse2\STI Metro Pad#09\Slot 12\test185.dat,50,188.433453,206.708088,80.061093,58.256436,42.106177,109.173365,301.199785,0.38552,0.991737,600,600,5,175.048,0.006338,,,,,,,,,,,,,,,,,
Y:\Project\GF CMP Demo 8-2011\Collected Data\Impulse2\Raw spectra\Spectrum Impulse2\STI Metro Pad#09\Slot 12\test186.dat,50,196.482791,208.220544,79.097376,58.534069,41.80742,114.848768,304.824225,2.796261,0.991925,600,600,5,162.272,0.007128,,,,,,,,,,,,,,,,,
Y:\Project\GF CMP Demo 8-2011\Collected Data\Impulse2\Raw spectra\Spectrum Impulse2\STI Metro Pad#09\Slot 12\test193.dat,50,185.791368,204.400437,80.941396,62.879947,30.513411,108.771838,286.913848,0,0.984459,600,600,1,71.324,0.007204,,,,,,,,,,,,,,,,,
Y:\Project\GF CMP Demo 8-2011\Collected Data\Impulse2\Raw spectra\Spectrum Impulse2\STI Metro Pad#09\Slot 12\test194.dat,50,184.369201,205.786864,81.133927,62.43311,28.745593,107.58969,286.532458,0,0.98419,600,600,2,72.431,0.0074,,,,,,,,,,,,,,,,,
Y:\Project\GF CMP Demo 8-2011\Collected Data\Impulse2\Raw spectra\Spectrum Impulse2\STI Metro Pad#09\Slot 12\test195.dat,50,185.377727,206.62398,80.468285,58.253536,40.573057,107.027876,304.11862,4.921583,0.991756,600,600,6,167.499,0.006692,,,,,,,,,,,,,,,,,
Y:\Project\GF CMP Demo 8-2011\Collected Data\Impulse2\Raw spectra\Spectrum Impulse2\STI Metro Pad#09\Slot 12\test196.dat,50,187.599183,205.690239,80.411265,60.367548,39.794585,109.252453,305.039782,7.554958,0.990597,600,600,5,166.796,0.006992,,,,,,,,,,,,,,,,,
Y:\Project\GF CMP Demo 8-2011\Collected Data\Impulse2\Raw spectra\Spectrum Impulse2\STI Metro Pad#09\Slot 12\test197.dat,50,188.479841,206.715526,80.050423,58.220855,42.178568,109.195107,301.085102,0.191007,0.992221,600,600,5,144.114,0.006268,,,,,,,,,,,,,,,,,
Y:\Project\GF CMP Demo 8-2011\Collected Data\Impulse2\Raw spectra\Spectrum Impulse2\STI Metro Pad#09\Slot 12\test198.dat,50,196.479538,208.151632,79.088603,58.491257,41.685307,114.836658,304.797231,2.960293,0.991853,600,600,5,146.906,0.00692,,,,,,,,,,,,,,,,,
Y:\Project\GF CMP Demo 8-2011\Collected Data\Impulse2\Raw spectra\Spectrum Impulse2\STI Metro Pad#09\Slot 12\test205.dat,50,185.729386,204.387261,80.94871,62.87568,30.565565,108.727404,286.952826,0,0.986749,600,600,1,147.952,0.007034,,,,,,,,,,,,,,,,,
Y:\Project\GF CMP Demo 8-2011\Collected Data\Impulse2\Raw spectra\Spectrum Impulse2\STI Metro Pad#09\Slot 12\test206.dat,50,184.319075,205.750315,81.133821,62.393604,28.797359,107.543986,286.547674,0,0.986959,600,600,2,79.981,0.007168,,,,,,,,,,,,,,,,,
Y:\Project\GF CMP Demo 8-2011\Collected Data\Impulse2\Raw spectra\Spectrum Impulse2\STI Metro Pad#09\Slot 12\test207.dat,50,185.233185,206.571222,80.514593,58.469988,40.369377,106.99254,304.141104,5.200505,0.993967,600,600,6,138.981,0.006771,,,,,,,,,,,,,,,,,
Y:\Project\GF CMP Demo 8-2011\Collected Data\Impulse2\Raw spectra\Spectrum Impulse2\STI Metro Pad#09\Slot 12\test208.dat,50,187.447424,205.655102,80.454345,60.545704,39.667898,109.199859,305.044696,7.721696,0.992412,600,600,5,159.401,0.006994,,,,,,,,,,,,,,,,,
Y:\Project\GF CMP Demo 8-2011\Collected Data\Impulse2\Raw spectra\Spectrum Impulse2\STI Metro Pad#09\Slot 12\test209.dat,50,188.368247,206.664486,80.073634,58.299757,41.978577,109.1421,301.209631,0.566568,0.993506,600,600,5,171.196,0.006412,,,,,,,,,,,,,,,,,
Y:\Project\GF CMP Demo 8-2011\Collected Data\Impulse2\Raw spectra\Spectrum Impulse2\STI Metro Pad#09\Slot 12\test210.dat,50,196.46313,208.162507,79.108114,58.617683,41.636579,114.862339,304.845527,3.046442,0.994424,600,600,5,164.254,0.007295,,,,,,,,,,,,,,,,,
Y:\Project\GF CMP Demo 8-2011\Collected Data\Impulse2\Raw spectra\Spectrum Impulse2\STI Metro Pad#09\Slot 12\test217.dat,50,185.743126,204.387595,80.94545,62.865464,30.550433,108.734044,286.938028,0,0.986954,600,600,1,72.088,0.007036,,,,,,,,,,,,,,,,,
Y:\Project\GF CMP Demo 8-2011\Collected Data\Impulse2\Raw spectra\Spectrum Impulse2\STI Metro Pad#09\Slot 12\test218.dat,50,184.266997,205.787759,81.154164,62.479522,28.769958,107.53154,286.557717,0,0.986248,600,600,2,131.587,0.007322,,,,,,,,,,,,,,,,,
Y:\Project\GF CMP Demo 8-2011\Collected Data\Impulse2\Raw spectra\Spectrum Impulse2\STI Metro Pad#09\Slot 12\test219.dat,50,185.311879,206.646962,80.486106,58.312138,40.601001,106.998146,304.112284,4.864322,0.993195,600,600,6,186.983,0.006656,,,,,,,,,,,,,,,,,
Y:\Project\GF CMP Demo 8-2011\Collected Data\Impulse2\Raw spectra\Spectrum Impulse2\STI Metro Pad#09\Slot 12\test220.dat,50,187.556759,205.755966,80.405377,60.259423,39.976422,109.188063,305.001079,7.268692,0.99148,600,600,5,153.255,0.006873,,,,,,,,,,,,,,,,,
Y:\Project\GF CMP Demo 8-2011\Collected Data\Impulse2\Raw spectra\Spectrum Impulse2\STI Metro Pad#09\Slot 12\test221.dat,50,188.393476,206.679028,80.067354,58.273199,42.030127,109.151377,301.200503,0.491349,0.993059,600,600,5,181.039,0.006274,,,,,,,,,,,,,,,,,
Y:\Project\GF CMP Demo 8-2011\Collected Data\Impulse2\Raw spectra\Spectrum Impulse2\STI Metro Pad#09\Slot 12\test222.dat,50,196.463742,208.214653,79.085154,58.425165,41.939933,114.803199,304.773728,2.619142,0.993502,600,600,5,144.489,0.006912,,,,,,,,,,,,,,,,,
Y:\Project\GF CMP Demo 8-2011\Collected Data\Impulse2\Raw spectra\Spectrum Impulse2\STI Metro Pad#09\Slot 12\test229.dat,50,185.747023,204.363918,80.94635,62.883489,30.563078,108.742969,286.926996,0,0.986426,600,600,1,135.159,0.006889,,,,,,,,,,,,,,,,,
Y:\Project\GF CMP Demo 8-2011\Collected Data\Impulse2\Raw spectra\Spectrum Impulse2\STI Metro Pad#09\Slot 12\test230.dat,50,184.295922,205.730366,81.135484,62.388909,28.816822,107.527002,286.547189,0,0.987055,600,600,2,79.982,0.007065,,,,,,,,,,,,,,,,,
Y:\Project\GF CMP Demo 8-2011\Collected Data\Impulse2\Raw spectra\Spectrum Impulse2\STI Metro Pad#09\Slot 12\test231.dat,50,185.180474,206.505947,80.534013,58.582981,40.186269,106.991472,304.155427,5.463211,0.993603,600,600,6,161.71,0.006812,,,,,,,,,,,,,,,,,
Y:\Project\GF CMP Demo 8-2011\Collected Data\Impulse2\Raw spectra\Spectrum Impulse2\STI Metro Pad#09\Slot 12\test232.dat,50,187.506489,205.762492,80.428447,60.37737,39.975746,109.187444,305.010253,7.272016,0.992209,600,600,5,140.651,0.006892,,,,,,,,,,,,,,,,,
Y:\Project\GF CMP Demo 8-2011\Collected Data\Impulse2\Raw spectra\Spectrum Impulse2\STI Metro Pad#09\Slot 12\test233.dat,50,188.370591,206.7046,80.073368,58.286081,42.074946,109.138126,301.193457,0.413911,0.992521,600,600,5,174.612,0.006385,,,,,,,,,,,,,,,,,
Y:\Project\GF CMP Demo 8-2011\Collected Data\Impulse2\Raw spectra\Spectrum Impulse2\STI Metro Pad#09\Slot 12\test234.dat,50,196.454935,208.212778,79.101816,58.542671,41.786444,114.832105,304.819212,2.81999,0.993463,600,600,5,156.922,0.007244,,,,,,,,,,,,,,,,,
Y:\Project\GF CMP Demo 8-2011\Collected Data\Impulse2\Raw spectra\Spectrum Impulse2\STI Metro Pad#09\Slot 12\test241.dat,50,185.741607,204.391883,80.941166,62.831231,30.566041,108.722693,286.957925,0,0.986488,600,600,1,152.523,0.007072,,,,,,,,,,,,,,,,,
Y:\Project\GF CMP Demo 8-2011\Collected Data\Impulse2\Raw spectra\Spectrum Impulse2\STI Metro Pad#09\Slot 12\test242.dat,50,184.296047,205.752758,81.131272,62.351065,28.808585,107.515086,286.561344,0,0.986675,600,600,2,78.187,0.007154,,,,,,,,,,,,,,,,,
Y:\Project\GF CMP Demo 8-2011\Collected Data\Impulse2\Raw spectra\Spectrum Impulse2\STI Metro Pad#09\Slot 12\test243.dat,50,185.230545,206.601579,80.506646,58.398297,40.550485,106.96826,303.965226,4.813161,0.993672,600,600,6,163.926,0.006597,,,,,,,,,,,,,,,,,
Y:\Project\GF CMP Demo 8-2011\Collected Data\Impulse2\Raw spectra\Spectrum Impulse2\STI Metro Pad#09\Slot 12\test244.dat,50,187.490246,205.711883,80.4346,60.423632,39.836129,109.191644,305.026075,7.478063,0.991232,600,600,5,159.168,0.00699,,,,,,,,,,,,,,,,,
Y:\Project\GF CMP Demo 8-2011\Collected Data\Impulse2\Raw spectra\Spectrum Impulse2\STI Metro Pad#09\Slot 12\test245.dat,50,188.282638,206.629642,80.10773,58.47977,41.758205,109.13676,301.224547,0.836701,0.992942,600,600,5,120.886,0.006241,,,,,,,,,,,,,,,,,
Y:\Project\GF CMP Demo 8-2011\Collected Data\Impulse2\Raw spectra\Spectrum Impulse2\STI Metro Pad#09\Slot 12\test246.dat,50,196.37221,208.169517,79.12836,58.67662,41.620294,114.815766,304.832571,3.04276,0.993674,600,600,5,145.268,0.007225,,,,,,,,,,,,,,,,,
Y:\Project\GF CMP Demo 8-2011\Collected Data\Impulse2\Raw spectra\Spectrum Impulse2\STI Metro Pad#09\Slot 12\test253.dat,50,185.777842,204.366995,80.927797,62.777604,30.568599,108.733231,286.935594,0,0.98694,600,600,1,148.278,0.006949,,,,,,,,,,,,,,,,,
Y:\Project\GF CMP Demo 8-2011\Collected Data\Impulse2\Raw spectra\Spectrum Impulse2\STI Metro Pad#09\Slot 12\test254.dat,50,184.25764,205.770698,81.153254,62.468784,28.766971,107.522366,286.537669,0,0.986056,600,600,2,129.216,0.007261,,,,,,,,,,,,,,,,,
Y:\Project\GF CMP Demo 8-2011\Collected Data\Impulse2\Raw spectra\Spectrum Impulse2\STI Metro Pad#09\Slot 12\test255.dat,50,185.215075,206.563913,80.520006,58.494445,40.356269,106.987346,304.132428,5.212247,0.993522,600,600,6,151.228,0.006802,,,,,,,,,,,,,,,,,
Y:\Project\GF CMP Demo 8-2011\Collected Data\Impulse2\Raw spectra\Spectrum Impulse2\STI Metro Pad#09\Slot 12\test256.dat,50,187.443868,205.676232,80.450055,60.503374,39.674701,109.184011,305.05379,7.702858,0.991635,600,600,5,168.388,0.006984,,,,,,,,,,,,,,,,,
Y:\Project\GF CMP Demo 8-2011\Collected Data\Impulse2\Raw spectra\Spectrum Impulse2\STI Metro Pad#09\Slot 12\test257.dat,50,188.364124,206.693871,80.081536,58.344104,41.998852,109.151238,301.105554,0.41283,0.992756,600,600,5,154.909,0.006314,,,,,,,,,,,,,,,,,
Y:\Project\GF CMP Demo 8-2011\Collected Data\Impulse2\Raw spectra\Spectrum Impulse2\STI Metro Pad#09\Slot 12\test258.dat,50,196.38254,208.207456,79.127237,58.663918,41.691181,114.817628,304.826747,2.928111,0.992805,600,600,5,151.836,0.007106,,,,,,,,,,,,,,,,,
Y:\Project\GF CMP Demo 8-2011\Collected Data\Impulse2\Raw spectra\Spectrum Impulse2\STI Metro Pad#09\Slot 12\test265.dat,50,185.750798,204.380087,80.931421,62.772894,30.571467,108.712326,286.951554,0,0.986247,600,600,1,151.82,0.007126,,,,,,,,,,,,,,,,,
Y:\Project\GF CMP Demo 8-2011\Collected Data\Impulse2\Raw spectra\Spectrum Impulse2\STI Metro Pad#09\Slot 12\test266.dat,50,184.290287,205.752336,81.137451,62.390893,28.813897,107.522862,286.566233,0,0.986548,600,600,2,224.673,0.007183,,,,,,,,,,,,,,,,,
Y:\Project\GF CMP Demo 8-2011\Collected Data\Impulse2\Raw spectra\Spectrum Impulse2\STI Metro Pad#09\Slot 12\test267.dat,50,185.217529,206.596252,80.510176,58.413228,40.480219,106.963744,304.09126,5.014789,0.992964,600,600,6,186.468,0.006707,,,,,,,,,,,,,,,,,
Y:\Project\GF CMP Demo 8-2011\Collected Data\Impulse2\Raw spectra\Spectrum Impulse2\STI Metro Pad#09\Slot 12\test268.dat,50,187.424659,205.716143,80.447555,60.452276,39.805257,109.153846,305.001194,7.479794,0.99145,600,600,5,147.297,0.006904,,,,,,,,,,,,,,,,,
Y:\Project\GF CMP Demo 8-2011\Collected Data\Impulse2\Raw spectra\Spectrum Impulse2\STI Metro Pad#09\Slot 12\test269.dat,50,188.201501,206.648926,80.1308,58.563373,41.705266,109.103821,301.22687,0.872677,0.992525,600,600,6,175.173,0.006364,,,,,,,,,,,,,,,,,
Y:\Project\GF CMP Demo 8-2011\Collected Data\Impulse2\Raw spectra\Spectrum Impulse2\STI Metro Pad#09\Slot 12\test270.dat,50,196.370765,208.186224,79.128713,58.671418,41.642057,114.812494,304.840155,3.011874,0.992803,600,600,5,146.251,0.007219,,,,,,,,,,,,,,,,,
Y:\Project\GF CMP Demo 8-2011\Collected Data\Impulse2\Raw spectra\Spectrum Impulse2\STI Metro Pad#09\Slot 12\test277.dat,50,185.745435,204.374756,80.936903,62.809335,30.575451,108.719523,286.950207,0,0.987283,600,600,1,72.073,0.007003,,,,,,,,,,,,,,,,,
Y:\Project\GF CMP Demo 8-2011\Collected Data\Impulse2\Raw spectra\Spectrum Impulse2\STI Metro Pad#09\Slot 12\test278.dat,50,184.305361,205.777284,81.136832,62.39363,28.772764,107.533409,286.550048,0,0.986511,600,600,2,83.601,0.00724,,,,,,,,,,,,,,,,,
Y:\Project\GF CMP Demo 8-2011\Collected Data\Impulse2\Raw spectra\Spectrum Impulse2\STI Metro Pad#09\Slot 12\test279.dat,50,185.259783,206.638931,80.493608,58.318365,40.566685,106.963677,304.098809,4.893194,0.99311,600,600,6,173.318,0.006721,,,,,,,,,,,,,,,,,
Y:\Project\GF CMP Demo 8-2011\Collected Data\Impulse2\Raw spectra\Spectrum Impulse2\STI Metro Pad#09\Slot 12\test280.dat,50,187.507655,205.717325,80.418111,60.317434,39.86737,109.172187,304.834446,7.24975,0.991923,600,600,5,142.163,0.006893,,,,,,,,,,,,,,,,,
Y:\Project\GF CMP Demo 8-2011\Collected Data\Impulse2\Raw spectra\Spectrum Impulse2\STI Metro Pad#09\Slot 12\test281.dat,50,188.354465,206.684679,80.072848,58.273062,41.997171,109.123697,301.186148,0.504298,0.992949,600,600,5,179.963,0.006343,,,,,,,,,,,,,,,,,
Y:\Project\GF CMP Demo 8-2011\Collected Data\Impulse2\Raw spectra\Spectrum Impulse2\STI Metro Pad#09\Slot 12\test282.dat,50,196.420881,208.154482,79.11115,58.6014,41.599629,114.828166,304.830205,3.076093,0.99356,600,600,5,168.45,0.007196,,,,,,,,,,,,,,,,,
Y:\Project\GF CMP Demo 8-2011\Collected Data\Impulse2\Raw spectra\Spectrum Impulse2\STI Metro Pad#09\Slot 12\test289.dat,50,185.731383,204.385888,80.943474,62.839806,30.564486,108.718245,286.950373,0,0.986364,600,600,1,72.135,0.006977,,,,,,,,,,,,,,,,,
Y:\Project\GF CMP Demo 8-2011\Collected Data\Impulse2\Raw spectra\Spectrum Impulse2\STI Metro Pad#09\Slot 12\test290.dat,50,184.292861,205.749399,81.141054,62.420889,28.807276,107.533672,286.556675,0,0.986962,600,600,2,79.607,0.007134,,,,,,,,,,,,,,,,,
Y:\Project\GF CMP Demo 8-2011\Collected Data\Impulse2\Raw spectra\Spectrum Impulse2\STI Metro Pad#09\Slot 12\test291.dat,50,185.178207,206.578636,80.521204,58.461535,40.41478,106.951108,303.980615,4.987199,0.993872,600,600,6,156.172,0.006746,,,,,,,,,,,,,,,,,
Y:\Project\GF CMP Demo 8-2011\Collected Data\Impulse2\Raw spectra\Spectrum Impulse2\STI Metro Pad#09\Slot 12\test292.dat,50,187.487205,205.734767,80.428154,60.365269,39.903444,109.171334,305.002575,7.364365,0.991863,600,600,5,146.406,0.006865,,,,,,,,,,,,,,,,,
Y:\Project\GF CMP Demo 8-2011\Collected Data\Impulse2\Raw spectra\Spectrum Impulse2\STI Metro Pad#09\Slot 12\test293.dat,50,188.275025,206.655165,80.10186,58.419626,41.81993,109.112551,301.213304,0.738209,0.993082,600,600,5,129.871,0.006411,,,,,,,,,,,,,,,,,
Y:\Project\GF CMP Demo 8-2011\Collected Data\Impulse2\Raw spectra\Spectrum Impulse2\STI Metro Pad#09\Slot 12\test294.dat,50,196.340538,208.134581,79.119967,58.59514,41.607993,114.770736,304.796307,3.053733,0.993944,600,600,5,149.558,0.007072,,,,,,,,,,,,,,,,,
,,,,,,,,,,,,,,,,,,,,,,,,,,,,,,,,
,,,,,,,,,,,,,,,,,,,,,,,,,,,,,,,,
,,,,,,,,,,,,,,,,,,,,,,,,,,,,,,,,
,,,,,,,,,,,,,,,,,,,,,,,,,,,,,,,,
,,,,,,,,,,,,,,,,,,,,,,,,,,,,,,,,
,,,,,,,,,,,,,,,,,,,,,,,,,,,,,,,,
,,,,,,,,,,,,,,,,,,,,,,,,,,,,,,,,
,,,,,,,,,,,,,,,,,,,,,,,,,,,,,,,,
,,,,,,,,,,,,,,,,,,,,,,,,,,,,,,,,
,,,,,,,,,,,,,,,,,,,,,,,,,,,,,,,,
,,,,,,,,,,,,,,,,,,,,,,,,,,,,,,,,
,,,,,,,,,,,,,,,,,,,,,,,,,,,,,,,,
,,,,,,,,,,,,,,,,,,,,,,,,,,,,,,,,
,,,,,,,,,,,,,,,,,,,,,,,,,,,,,,,,
,,,,,,,,,,,,,,,,,,,,,,,,,,,,,,,,
,,,,,,,,,,,,,,,,,,,,,,,,,,,,,,,,
,,,,,,,,,,,,,,,,,,,,,,,,,,,,,,,,
,,,,,,,,,,,,,,,,,,,,,,,,,,,,,,,,
,,,,,,,,,,,,,,,,,,,,,,,,,,,,,,,,
,,,,,,,,,,,,,,,,,,,,,,,,,,,,,,,,
,,,,,,,,,,,,,,,,,,,,,,,,,,,,,,,,
,,,,,,,,,,,,,,,,,,,,,,,,,,,,,,,,
,,,,,,,,,,,,,,,,,,,,,,,,,,,,,,,,
,,,,,,,,,,,,,,,,,,,,,,,,,,,,,,,,
,,,,,,,,,,,,,,,,,,,,,,,,,,,,,,,,
,,,,,,,,,,,,,,,,,,,,,,,,,,,,,,,,
,,,,,,,,,,,,,,,,,,,,,,,,,,,,,,,,
,,,,,,,,,,,,,,,,,,,,,,,,,,,,,,,,
,,,,,,,,,,,,,,,,,,,,,,,,,,,,,,,,
,,,,,,,,,,,,,,,,,,,,,,,,,,,,,,,,
,,,,,,,,,,,,,,,,,,,,,,,,,,,,,,,,
,,,,,,,,,,,,,,,,,,,,,,,,,,,,,,,,
,,,,,,,,,,,,,,,,,,,,,,,,,,,,,,,,
,,,,,,,,,,,,,,,,,,,,,,,,,,,,,,,,
,,,,,,,,,,,,,,,,,,,,,,,,,,,,,,,,
,,,,,,,,,,,,,,,,,,,,,,,,,,,,,,,,
,,,,,,,,,,,,,,,,,,,,,,,,,,,,,,,,
,,,,,,,,,,,,,,,,,,,,,,,,,,,,,,,,
,,,,,,,,,,,,,,,,,,,,,,,,,,,,,,,,
,,,,,,,,,,,,,,,,,,,,,,,,,,,,,,,,
,,,,,,,,,,,,,,,,,,,,,,,,,,,,,,,,
,,,,,,,,,,,,,,,,,,,,,,,,,,,,,,,,
,,,,,,,,,,,,,,,,,,,,,,,,,,,,,,,,
,,,,,,,,,,,,,,,,,,,,,,,,,,,,,,,,
,,,,,,,,,,,,,,,,,,,,,,,,,,,,,,,,
,,,,,,,,,,,,,,,,,,,,,,,,,,,,,,,,
,,,,,,,,,,,,,,,,,,,,,,,,,,,,,,,,
,,,,,,,,,,,,,,,,,,,,,,,,,,,,,,,,
,,,,,,,,,,,,,,,,,,,,,,,,,,,,,,,,
,,,,,,,,,,,,,,,,,,,,,,,,,,,,,,,,
,,,,,,,,,,,,,,,,,,,,,,,,,,,,,,,,
,,,,,,,,,,,,,,,,,,,,,,,,,,,,,,,,
,,,,,,,,,,,,,,,,,,,,,,,,,,,,,,,,
,,,,,,,,,,,,,,,,,,,,,,,,,,,,,,,,
,,,,,,,,,,,,,,,,,,,,,,,,,,,,,,,,
,,,,,,,,,,,,,,,,,,,,,,,,,,,,,,,,
,,,,,,,,,,,,,,,,,,,,,,,,,,,,,,,,
,,,,,,,,,,,,,,,,,,,,,,,,,,,,,,,,
,,,,,,,,,,,,,,,,,,,,,,,,,,,,,,,,
,,,,,,,,,,,,,,,,,,,,,,,,,,,,,,,,
,,,,,,,,,,,,,,,,,,,,,,,,,,,,,,,,
,,,,,,,,,,,,,,,,,,,,,,,,,,,,,,,,
,,,,,,,,,,,,,,,,,,,,,,,,,,,,,,,,
,,,,,,,,,,,,,,,,,,,,,,,,,,,,,,,,
,,,,,,,,,,,,,,,,,,,,,,,,,,,,,,,,
,,,,,,,,,,,,,,,,,,,,,,,,,,,,,,,,
,,,,,,,,,,,,,,,,,,,,,,,,,,,,,,,,
,,,,,,,,,,,,,,,,,,,,,,,,,,,,,,,,
,,,,,,,,,,,,,,,,,,,,,,,,,,,,,,,,
,,,,,,,,,,,,,,,,,,,,,,,,,,,,,,,,
,,,,,,,,,,,,,,,,,,,,,,,,,,,,,,,,
,,,,,,,,,,,,,,,,,,,,,,,,,,,,,,,,
,,,,,,,,,,,,,,,,,,,,,,,,,,,,,,,,
,,,,,,,,,,,,,,,,,,,,,,,,,,,,,,,,
,,,,,,,,,,,,,,,,,,,,,,,,,,,,,,,,
,,,,,,,,,,,,,,,,,,,,,,,,,,,,,,,,
,,,,,,,,,,,,,,,,,,,,,,,,,,,,,,,,
,,,,,,,,,,,,,,,,,,,,,,,,,,,,,,,,
,,,,,,,,,,,,,,,,,,,,,,,,,,,,,,,,
,,,,,,,,,,,,,,,,,,,,,,,,,,,,,,,,
,,,,,,,,,,,,,,,,,,,,,,,,,,,,,,,,
,,,,,,,,,,,,,,,,,,,,,,,,,,,,,,,,
,,,,,,,,,,,,,,,,,,,,,,,,,,,,,,,,
,,,,,,,,,,,,,,,,,,,,,,,,,,,,,,,,
,,,,,,,,,,,,,,,,,,,,,,,,,,,,,,,,
,,,,,,,,,,,,,,,,,,,,,,,,,,,,,,,,
,,,,,,,,,,,,,,,,,,,,,,,,,,,,,,,,
,,,,,,,,,,,,,,,,,,,,,,,,,,,,,,,,
,,,,,,,,,,,,,,,,,,,,,,,,,,,,,,,,
,,,,,,,,,,,,,,,,,,,,,,,,,,,,,,,,
,,,,,,,,,,,,,,,,,,,,,,,,,,,,,,,,
,,,,,,,,,,,,,,,,,,,,,,,,,,,,,,,,
,,,,,,,,,,,,,,,,,,,,,,,,,,,,,,,,
,,,,,,,,,,,,,,,,,,,,,,,,,,,,,,,,
,,,,,,,,,,,,,,,,,,,,,,,,,,,,,,,,
,,,,,,,,,,,,,,,,,,,,,,,,,,,,,,,,
,,,,,,,,,,,,,,,,,,,,,,,,,,,,,,,,
,,,,,,,,,,,,,,,,,,,,,,,,,,,,,,,,
,,,,,,,,,,,,,,,,,,,,,,,,,,,,,,,,
,,,,,,,,,,,,,,,,,,,,,,,,,,,,,,,,
,,,,,,,,,,,,,,,,,,,,,,,,,,,,,,,,
,,,,,,,,,,,,,,,,,,,,,,,,,,,,,,,,
,,,,,,,,,,,,,,,,,,,,,,,,,,,,,,,,
,,,,,,,,,,,,,,,,,,,,,,,,,,,,,,,,
,,,,,,,,,,,,,,,,,,,,,,,,,,,,,,,,
,,,,,,,,,,,,,,,,,,,,,,,,,,,,,,,,
,,,,,,,,,,,,,,,,,,,,,,,,,,,,,,,,
,,,,,,,,,,,,,,,,,,,,,,,,,,,,,,,,
,,,,,,,,,,,,,,,,,,,,,,,,,,,,,,,,
,,,,,,,,,,,,,,,,,,,,,,,,,,,,,,,,
,,,,,,,,,,,,,,,,,,,,,,,,,,,,,,,,
,,,,,,,,,,,,,,,,,,,,,,,,,,,,,,,,
,,,,,,,,,,,,,,,,,,,,,,,,,,,,,,,,
,,,,,,,,,,,,,,,,,,,,,,,,,,,,,,,,
,,,,,,,,,,,,,,,,,,,,,,,,,,,,,,,,
,,,,,,,,,,,,,,,,,,,,,,,,,,,,,,,,
,,,,,,,,,,,,,,,,,,,,,,,,,,,,,,,,
,,,,,,,,,,,,,,,,,,,,,,,,,,,,,,,,
,,,,,,,,,,,,,,,,,,,,,,,,,,,,,,,,
,,,,,,,,,,,,,,,,,,,,,,,,,,,,,,,,
,,,,,,,,,,,,,,,,,,,,,,,,,,,,,,,,
,,,,,,,,,,,,,,,,,,,,,,,,,,,,,,,,
,,,,,,,,,,,,,,,,,,,,,,,,,,,,,,,,
,,,,,,,,,,,,,,,,,,,,,,,,,,,,,,,,
,,,,,,,,,,,,,,,,,,,,,,,,,,,,,,,,
,,,,,,,,,,,,,,,,,,,,,,,,,,,,,,,,
,,,,,,,,,,,,,,,,,,,,,,,,,,,,,,,,
,,,,,,,,,,,,,,,,,,,,,,,,,,,,,,,,
,,,,,,,,,,,,,,,,,,,,,,,,,,,,,,,,
,,,,,,,,,,,,,,,,,,,,,,,,,,,,,,,,
,,,,,,,,,,,,,,,,,,,,,,,,,,,,,,,,
,,,,,,,,,,,,,,,,,,,,,,,,,,,,,,,,
,,,,,,,,,,,,,,,,,,,,,,,,,,,,,,,,
,,,,,,,,,,,,,,,,,,,,,,,,,,,,,,,,
,,,,,,,,,,,,,,,,,,,,,,,,,,,,,,,,
,,,,,,,,,,,,,,,,,,,,,,,,,,,,,,,,
,,,,,,,,,,,,,,,,,,,,,,,,,,,,,,,,
,,,,,,,,,,,,,,,,,,,,,,,,,,,,,,,,
,,,,,,,,,,,,,,,,,,,,,,,,,,,,,,,,
,,,,,,,,,,,,,,,,,,,,,,,,,,,,,,,,
,,,,,,,,,,,,,,,,,,,,,,,,,,,,,,,,
,,,,,,,,,,,,,,,,,,,,,,,,,,,,,,,,
,,,,,,,,,,,,,,,,,,,,,,,,,,,,,,,,
,,,,,,,,,,,,,,,,,,,,,,,,,,,,,,,,
,,,,,,,,,,,,,,,,,,,,,,,,,,,,,,,,
,,,,,,,,,,,,,,,,,,,,,,,,,,,,,,,,
,,,,,,,,,,,,,,,,,,,,,,,,,,,,,,,,
,,,,,,,,,,,,,,,,,,,,,,,,,,,,,,,,
,,,,,,,,,,,,,,,,,,,,,,,,,,,,,,,,
,,,,,,,,,,,,,,,,,,,,,,,,,,,,,,,,
